date,title,rating,review,sentiment,feature
2019-02-04,usability,3.0,I found these knives to be less than sharp and useable,1,Cover
2019-02-21,Get what you pay for - they‚Äôre okay,3.0,"You get what you pay for. These will do the job but they are mediocre knives and not that well made. Not very sharp. Board is okay. But given the price, they are okay.",0,Ease of use
2019-03-21,Fell Apart!!!,1.0,The paring knife fell apart when I went to wash it.,1,Value
2019-04-22,Pretty but Not very durable.,3.0,"The red one is strong and holding it's own. However, the purple one broke the first time I used it to cut a cantaloupe",0,Size
2019-07-17,Purchased for RV,2.0,"The cutting board is of expected quality and am happy with it. One of the knives (the purple one) has already started to break at the handle. It appears that the blades do not go all the way through the handle and with the handles being plastic, the blade broke through the top of the handle under pressure after only a couple of outings and will likely be unusable in a couple more uses. I would not buy this product again. Will simple replace each as they break with a better brand.",0,Size
2019-11-20,Not dishwasher safe,2.0,"This are nice knives and look great. However I put one in the dishwasher and the white went a little yellow. They are sharp now, but I am not sure how well they can be sharpened with the black paint. They don't fit perfectly into the covers, especially the tiny knife. The board is a practical size, and is staying white even with daily use.I reduced the review - after 6 months ALL the whites of the knives are a definite yellow! One knife came out it's handle, but was glued back.",1,Size
2019-12-13,No good,2.0,They are useless I was hoping to get sharp knives . They are extremely dull,1,Color
2019-12-20,"Not as advertised, used not new",2.0,"What I liked was they were supposed to come with protective covers &  a cutting board plus color variety seemed really nice, what I didn't like is that I think I got a used set . The cutting board was very scratched up & actually looked ""used"", there was no sharpener included which was supposed to be part of the set, there  were no covers on all the knives except for the 2 large ones & they ARE very sharp, it wasn't easy to realize the covers were gone as they are the same color as the knives until we washed them & got cut, so be careful when you open them to be sure there are covers on every knife, quite  frankly I think I got a ""used set"", not new because the condition just didn't look new, plus all the scratches on the cutting board just looked like it had been used, other than that It would have been a really good buy. Basically what it comes down to is I think I got a previously owned set instead of new. I donated them to the Salvation Army. They are non-refundable item.",1,Sharpness
2019-12-20,Not Safe,1.0,These knives cut you fingers when your using them to cut.,1,Cover
2019-12-21,Just ok,3.0,Nice knifes but handles are awful. Blades dull easily but included sharpener works very well. Top of blade are sharp and will cut your fingers if placed in them when using them. üò°,0,Ease of use
2019-12-21,Good gift set for brand new kitchen users with no other knives,2.0,"I don't like the color. I prefer a bright stainless steel knife look. I can see using these being a safety hazard in low lighting or with inexperienced cooks - because the knife itself is actually black in color. the handle is black and white. These are not a set I'd want for myself, but can see them as a good gift item for brand new cooks or college kids wanting to cook. The cutting board is very, very small. I haven't used it enough to comment, other than to say it's only skid proof when used on the underside. So, the eatneat logo that displays on the drip side/juice grooves is totally useless. lol  I don't understand that. Quite odd, since you need the juice grooves when using ANY cutting board. :-/ Have not used the sharpener.  Protective sheathes are good idea, but mine are in black like the knife blade.... another safety hazard. Transaction with seller was fine. No problems there. It's just that the product does not meet my requirements nor expectations in a kitchen. Will update if I find anything else. The item I ordered was : EatNeat 12-Piece Black Sharp Knife Set: 5 Stainless Steel Kitchen Knives with Covers, Cutting Board and Sharpener. Maybe the more ""colorful"" sets are better to prevent safety issues? Idk.",1,Ease of use
2019-12-27,Poorly made and designed,2.0,Handles too shortBack end of the blade was sharp. Sliced my finger in the back of the blade.Dulls quickly,1,Size
2020-01-06,Not sturdy,3.0,The blade of one popped out while chi hurting after just a couple uses.,1,Color
2020-01-07,Nice set for the price,1.0,I needed new cutting board and a knife or two..this little set fit the bill and I got it on lightning deal so price was right too. I wish they came sharp but after few sharpening sessions I got most of them working well.Update:These knives didn‚Äôt even last 6 months..hard to sharpen and they come out the handles. Piece of junk!,1,Stain resistance
2020-01-12,You get what u paid for.  Cheap.,1.0,Knives are sharp but junk the cone out of the plastic part,0,Value
2020-01-17,Cheap and not functional as expected,1.0,Very cheap product not at all what I was expecting g should be taken off your inventory,1,Sharpness
2020-01-21,Meh...,3.0,"I am used to expensive, nice Japanese knives, but I just needed a few more sizes and didn't feel like spending $100+ per knife and these had such good reviews I thought I would try. They aren't even sharp enough to cut a tomato properly - so if you've got nice knives, and you're not a college student on a budget, I woudn't suggest these at all.",1,Cover
2020-02-09,Defective,1.0,Thay were chiped and touched up with paint. Not good,0,Ease of use
2020-03-03,Used knifes,1.0,Received used knifes. exchange started will update when new set arrives.,1,Size
2020-03-08,Welp that happened ... sigh,2.0,Well I bought this because my office bought the colorful one and I reallllly love our office knifes they‚Äôre alway sharp and they‚Äôre super easy to use... when mine came in I was disappointed üòî the knifes had scuff marks on them and they weren‚Äôt sharp at all had to sharpen them already just kinda disappointed with the look and their overall presentation. I expected more you know? I really love the ones from the office.,0,Quality
2020-03-22,Not the best,2.0,The knives don't cut very well,0,Stain resistance
2020-04-11,Not the best but ok I guess,3.0,At first they were good knives and cut so well but after a while the handle came off of the small one. I haven't even used it much. So I'm expecting it to happen to the rest. Very disappointing.,0,Color
2020-04-19,Colorful knife set,2.0,"Thios set is giftable because it ;ooks good.  I was pleased when I received the knives because each one has a slip on cover. m I knew from the price that these were not ""quality"" knives but I expected them tto last for a fair amount of time.  THe paring knife blade is already loose in the handle and I just got them in Feb.  2 months and one is looswe3==BAD!",1,Value
2020-04-20,Not worth the money. They are only pretty.,2.0,"These are sharp enough but not strong. I used the large one , which I do not even use often, to cut meat and the handle came off in my hand. This was two weeks after purchase.",0,Color
2020-05-03,Knives were dull,2.0,Knives included were dull and sharpener didn't work very well,0,Size
2020-05-06,Poor Quality,2.0,"You get what you pay for.  Knives are not sharp enough.  If you are a serious cook, pass on these.  I bought them because where I'm staying doesn't have knives and I wanted something to use until I get my good knives.  If you want good quality, spend the money and get top quality knives.",0,Color
2020-05-16,Poor craftsmanship,1.0,Knives came all scratched up inside the protected sleeves and the whole set was super dirty and dusty.,1,Ease of use
2020-05-18,Eh. Price reflects quality..,3.0,"Good price, quality is iffy. Some of the knives have held up, the blades are good, and the cutting board is great, but a couple of the knife blades have come loose from their handle. They pop back in and can be used if super careful but I had to buy replacement paring knife and I wasn't thrilled with the chef's knife.",0,Stain resistance
2020-05-18,Good knives.. but my kit appeared used.,3.0,"Good knives for the cost.. but a lot of knives had random scratches in them and the handles were slightly dirty which indicates to me someone tested them out or something and sent them back. Not really fond of that, but I guess since they‚Äôre washable it‚Äôs doable.",0,Sharpness
2020-06-05,Don‚Äôt  waste your money.,3.0,This set its the worse ever.Horrible quality.,1,Quality
2020-06-07,Dull,3.0,Dull. Would not cut onion without pressure,0,Quality
2020-06-12,Dull fast,2.0,"The sharpener that came with it, doesn't work. The knives are very quickly dulled. But if you have a sharpener they are good for like a camping knife set",1,Value
2020-06-16,These were not sharp at all,1.0,"The knives don't cut very well, they are extremely dull.I advise to keep looking, don't waist your time.",1,Cover
2020-06-17,Cheap and don't hold an edge...,1.0,"Purchased on sale on amazon and good thing as 20 bucks is a rip off.Pros: they look cool and have protection for blades(don't need as they dull if look at them wrong)Cons: everything about them... Too thin,  dull extremely quicklyI've worked in restaurants and used about a varied type of kitchen knives around and these are hands down the worst.I threw them away.Do yourself a favor and goto a thrift store and spend 15 bucks on any used set and you will be happier.Once up you've used a half way decent set of knives you'll realize how bad these are.",1,Ease of use
2020-06-20,Waste of money,1.0,They were super flimsy and not well made. These are rather cheaply made. I don‚Äôt expect them to last long after using them for a couple months.,1,Value
2020-06-22,Wash by hand and don‚Äôt get gravy on the handles. Won‚Äôt wash off,2.0,Don‚Äôt get gravy on the handles it won‚Äôt wash off,0,Ease of use
2020-06-23,Terrible quality,1.0,Cut myself on the first day of use. Thought it was pretty sharp. Two days of use and it has gone totally blunt!!! As bad as an old knife. Plastic handles make it look cheap.,1,Stain resistance
2020-07-01,Not sturdy,1.0,"I used the large one , which I do not even use often, to cut meat and the handle came off in my hand.",1,Ease of use
2020-07-04,Poor Quality,1.0,THe paring knife blade is already loose in the handle and I just got them in June.,1,Cover
2020-07-07,No good,1.0,They are useless I was hoping to get sharp knives . They are extremely dull.,0,Stain resistance
2020-07-10,Knives barely cut and handles discolors,1.0,"Out of th box, this set of knives will barely cut through an orange or lemon skin.  You basically must put a lot of pressure on the blade just to break the skin.  Also, when I purchased, I read reviews about the handle discoloring, it is totally true.  After cutting strawberries, the handle is now permanently redish instead of white.",0,Sharpness
2020-07-17,Did not receive full set,2.0,I had ordered this set of knifes but when they arrived one was missing .,1,Stain resistance
2020-07-17,The white on the handle stains easily,3.0,"I cut up a watermelon and the white on the handle turned orange. I've tried to scrub it off, with no success.",0,Quality
2020-07-19,Missing pieces,1.0,Board was not included and 2 knife was missing.,0,Cover
2020-07-29,Cheap quality,1.0,I tried to take out a knife out of the box and the blade was detached from the handle. I almost cut myself. It was already in two parts in the brand new box.,0,Value
2020-07-31,Broke in 1 week,1.0,Had it for 1 week and fell apart while washing,0,Value
2020-07-31,Not worth it,1.0,Became dull way too soon!,0,Sharpness
2020-08-04,Not Worth the Investment,1.0,"Adding a photo isn‚Äôt necessary, it‚Äôd be wasting my space on this device, and its true color wouldn‚Äôt come out well anyway.  Your pictures on the above item was very misleading when originally thought about being purchased.  I‚Äôd like to return it without items even being used.  It‚Äôs too heavy; yet, cheaply made.  I don‚Äôt like it.  Nor the sizes of your brand.  Again, nice pictures online - very misleading.  I pray I don‚Äôt have to pay for shipping charges...Enjoy your day!",1,Quality
2020-08-05,"Ummmm, thanks for the lifetime warranty, I'll be needing it!",2.0,"Knives arrived DULL AF.  I thought, ""thankfully, there's a sharpener"" .... Wrong.  Don't waste your money.",1,Color
2020-08-14,Decent except one knife is coming apart,3.0,Seemed like decent quality for the price but the orange knife started falling apart after just a month. Maybe that one was just defective because the others seem fine so far.Trying to figure out how to get a new one.,1,Stain resistance
2020-08-25,Missing knife,1.0,The bread knife was missing from the box,0,Stain resistance
2020-09-01,Handles break easily,3.0,The knifes are Sharp but the handles break easily. Only used the red one twice and the handle broke off.,1,Sharpness
2020-09-02,Nice set but they really don‚Äôt work!,2.0,I haven't used them yet but they are very sharp. I'm happy they have covers for each of the blades. Nice set as far as I know. Once I get to use them I can say more. I finally used them and I‚Äôm not happy with them. I couldn‚Äôt cut through things that my old knives  that are dull did. I ended up using one of my very old knives to get the job done. Not worth the money!,0,Ease of use
2020-09-02,Don't buy these,1.0,First I'd like to state that I do not own a dishwasher. All items are washed by hand. I have had this product for 6 weeks and the black paint (yes I said paint) is coming off the knife and going into food. Not only is this poor quality but its a health and safety issue. I am just out of my return period but will request one just the same.,1,Ease of use
2020-09-12,They rust right away.,1.0,I would not recommend. After two uses one of the knives already has rust on the edge of the blade.,1,Stain resistance
2020-09-15,No comprar este articulo,1.0,"Horrible, tienen una semana solo 7 d√≠as y ya est√°n amarillos no los recomiendo,",1,Color
2020-09-19,Waste of money.,1.0,Given as a gift and 2 knives fell apart after 1 use. Junk,0,Color
2020-09-20,Dull,3.0,"They are very cute, but dull",1,Value
2020-09-21,Unremovable stain on handle!!,2.0,"I purposely did not write a review until after a month of use. Pretty to look at..colors brilliant, sharp, but was not too happy with the discoloration.  After  slicing  tomatoes,or cutting mangoes or any fruit that is dark I noticed that it developed an orange tint on the handle that no matter how many hand washing does not go away. How does one remove the stain? So far I have only used the paring knife and butcher knife.",0,Cover
2020-10-01,Not worth it,1.0,I bought this as a gift for a friend. Felt embarrassed that I gave this set as a gift. The knives aren't sharp enough and need repeated sharpening. Will not recommend this.,0,Quality
2020-10-06,I bought these knives because I liked the covers.,2.0,"The cutting board is good.  The knives are good and easy to sharpen.  However, the white handles of the knives stain easily.  If you cut a tomatoes or carrots they will discolor and no amount of bleach will clean it.  But the knives them selves are good",0,Sharpness
2020-10-11,"Okay, not so durable.",3.0,"Overall quality is okay, the knife sharpener was useful for my other knives too. The red chef's knife's handle came off after a few months and I almost sliced my finger while using it. Could be more durable.",1,Stain resistance
2020-10-27,Bought for occasional use while camping and as a substitute use for knives.,2.0,"I bought these for camping and for something that can be tossed around and put in a tub of water. Shortly after buying, I took 2 knives camping. Worked ok. They were sharp, light. No problem Then I brought out two other knives, that I hadn't brought camping to use for pumpkin carving. I used the bread knife and the blue one. The blade nearly popped out of the handle on the first use. It's loose now, and pretty much, unused other than that one time. I wouldn't buy these for daily use, occasional use might give you a few years out them.",1,Quality
2020-10-27,Never again..,2.0,"They arrived sharp and ready to use but 10 days later after minimal use, they started to rust as pictured. Stainless steel eh? The safety covers fall off easily so there's really no point. You get what you pay for, which in this case was basically a cutting board.",1,Sharpness
2020-10-29,Inconsistent Quality and Hard to Clean,3.0,"The product arrived in a nice package, each knife looked very cool coming out of the box with its black blade and safety cover.  The first knife I tried was razor sharp, I was slicing tomatoes super thin with ease.  While slicing the tomatoes, I ran into the first issue...  The handle stains.The handles are white and black, the white part started turning red as I sliced the tomato.  When I noticed the stain, I quickly ran the knife under running water, then scrubbed the handle and the stain was still there.  The stain is would not come out.  I even put it through a dishwasher, nothing worked.The next issue is the inconsistency of the sharpness of the blades.  The first blade I tried was super sharp out of the box.  The second, was sharpish.  The third, well I would have had better luck slicing with a brick.  I don't mind sharpening a blade when it needs it, but when I buy I knife it needs some sort of edge.  It is not good when the cardboard the knife came in is sharper than the blade.",1,Ease of use
2020-10-31,Maybe not as strong as advertised,3.0,Nice and sharp but one of the knives broke after 3 months. Couldn‚Äôt handle the pressure. Board is good,0,Cover
2020-11-04,Good price.,3.0,Color looks good but didn‚Äôt like red and purple one.Good thing is comes with sharpener.,1,Ease of use
2020-11-04,Didn‚Äôt last two weeks,1.0,Bought this set two weeks ago and the knives are already broken.,0,Sharpness
2020-11-08,Repacking with dirt and water stain,1.0,Repackage items with dirt and water stain on knifes. No damages but definitely not a reputable to buy.,0,Quality
2020-11-08,Se ven hermosos,3.0,Se ven muy bonitosTodav√≠a no los uso espero sean buenos,0,Quality
2020-11-12,Nice but slightly dangerous,3.0,These knives are good quality and inexpensive.  One issue is that the plastic safety covering and knives are black.  Be careful!  I went to remove the cover only to learn it was already removed and I cut my hand on the blade.  The black blades are dangerous!  Otherwise fine if you are acutely aware of that issue.,1,Stain resistance
2020-11-20,Handle came off in the first month,1.0,Handle came off in the first month. Didnt like the product. Not recommended,0,Sharpness
2020-11-20,Knifes are not very sharp,3.0,"These knives are not very sharp, but I guess I should not have expected more for the price. The only reason I did not return this set is because I like the cutting board.",1,Size
2020-11-22,Bad product and bad customer support,1.0,"I bought this when  I desperately needed knife set. First of all the chef knife was not at all sharp, which is not at all acceptable. The slicing knife was ok.Since I got it in a deal, I tried contacting the seller stating the problem.he is offering me 10%refund and asking me to use the knife sharpener.I was quite disappointed, but I tried sharpening it, which was of no use.I will return the whole set. And I have to spend my time looking for other offers..it was very bad and time consuming experience.",0,Stain resistance
2020-11-29,Dull,3.0,These look great unfortunately they're no where as near sharp as you would think brand new knives would be. I've not attempted to sharpen them simply bc new knives shouldn't be dull.,0,Sharpness
2020-12-07,Not that great.,3.0,Not sure what all the other reviewers are raving about.  These knives are just average at best.  Paid promotion?  I don't know.  I tried to slice an apple with one and it was much more difficult than I would have expected given the glowing reviews of razor sharpness these knives received.  You get what you pay for here.  I paid $14 bucks - nuff said.,0,Ease of use
2020-12-07,One Knife broke for no apparent reason,3.0,"they look good, very sharp. But one broke first time I took it out. I'll keep using them see what happens. I'd like the one replaced.",1,Stain resistance
2020-12-12,Not Sharp,1.0,These knives are not sharp at all....don't waste your $$,0,Value
2020-12-13,CHEAP QUALITY DO NOT BUY,1.0,Extremely cheap Chinese product! First knife I used the blade came apart from the handle the VERY FIRST TIME I used it!! Save your money and do not buy this!!,1,Color
2020-12-16,Not so sweet,3.0,Broke cutting rice crispys treat,1,Quality
2020-12-19,Died from Cutting the Cheese,1.0,"I'm very disappointed with the blue knife, as it broke right off while cutting off a piece of cheese. I thought it was steel, and supposed to last. I didn't realize it had a dairy allergy. And there is NO WARRANTY info. The link doesn't take me anywhere useful.",1,Value
2020-12-25,Cheaply made,1.0,"Blade broke off just cutting cheese,",0,Stain resistance
2020-12-26,Peeler and cheese grater are no good,2.0,The potatoe piller is awful it's really hard to peel with as the blades are at a weird angle. It hurt my hand how much force I had to use. The cheese grater is so flimsy and it's really hard to use because of this.,0,Value
2020-12-31,Not a good buy if you have a small kitchen,1.0,I was excited for this set until I realized there is no place for the knives to store if you have a small kitchen.,1,Stain resistance
2021-01-03,5 months,2.0,Your product changed color with in 5 months wow,1,Cover
2021-01-04,Knives aren‚Äôt the best quality,2.0,Decent set but one of the knives broke after 2 weeks of use. I wouldn‚Äôt buy these again,0,Sharpness
2021-01-04,Bad quality! Do not buy!,1.0,These are really bad! The coating of the knives all chipped! Yeh first chipped from the washing Maschine after the first week! The rest hand wash only as well! The cutting board handle just broke last week!! I do not recommend these at all!!!,1,Ease of use
2021-01-10,Not good quality,1.0,On my 1st use of one of the knives - it snapped in half cutting a brick of cheese,0,Stain resistance
2021-01-13,Value knives,3.0,I loved these. Color pretty. Easy to clean. But then broke as I was cutting a potato....,1,Ease of use
2021-01-16,Missing sharpener,3.0,"My Njece  loves the knives n the cutting board but there was no sharpener, the spot was empty please send me the sharpener so I can give to my Niece this was her birthday gift. Thank you üòä",1,Sharpness
2021-01-17,Easy to broke,1.0,One of the knife broke after 2 days using it. I have the feeling the same is going to happen won‚Äôt the others. So dissatisfied.,1,Sharpness
2021-01-23,Poor quality,1.0,Knives started to break after a week of use. Poor quality.,1,Value
2021-01-24,The knives are not very sharp!  VERY DISAPPOINTED,1.0,"My old knives are soooo much better than these.  I know that they were inexpensive but this is  such a waste of your money.  I have ordered some knives like these from, obviously, another manufacturer for camping and they are so sharp you have to be super careful and they were also inexpensive.  DO NOT WASTE YOUR MONEY!",0,Stain resistance
2021-02-02,Nice except it has a weird spot.,3.0,"Received yesterday.Everything looks good except one of the knife has weird spot.I don‚Äôt think it would do anything while i cut stuff but still, it‚Äôs brand new and it has a spot that i cannot clean. Not an expensive one, so i guess it‚Äôs cheap material..... i dont Know if it‚Äôs giftable item tho, if i gift this to someone and that person receive an item like this, i would feel bad to gift.",0,Sharpness
2021-02-08,Cheap,1.0,Snapped in half cutting up some cheese.,1,Stain resistance
2021-02-09,Unable to contact,3.0,The blue knife was not even connected. Gave this as a Christmas gift and the first time it was used it broke off being used. One week outside of the return window of course. Very disappointing and embarrassing as a gift.,0,Quality
2021-02-11,Not worth it,1.0,"Broke after the first time using then, cutting cheese",0,Color
2021-02-16,Don‚Äôt buy!,1.0,Didn‚Äôt even survive the first use. I would definitely not recommend.,0,Ease of use
2021-02-21,disappointed,3.0,I love the idea of the knives with the cutting board and vegetables peeler but most of the knives were extremely heavy and difficult to hold while cutting,0,Quality
2021-02-23,Love it,3.0,Great price,1,Ease of use
2021-02-25,Not what I ordered,1.0,They were not the colors in the picture. They were black and white.,0,Value
2021-03-14,Fine if on a budget,3.0,"Bought this on a major discount, but would not purchase this full price. The knives are not sharp (my 4yr old cuisinart knives are sharper), and the handle was stained with my first use (I chopped up a butternut squash and handle turned yellow). Wouldn't recommend this to a friend/family. Fine for the price I purchased I guess.",1,Ease of use
2021-03-16,Broke 3 months after purchase,1.0,"Sharp knives but definitely not durable. Was cutting up garlic and the whole knife broke, not sure how that happens but I‚Äôm disappointed as the knives are sharp but it didn‚Äôt even make it 3 months.",1,Color
2021-03-17,Gets the job done  :-/,3.0,"Worth the sale price, nothing more. Blades are not as sharp as I‚Äôd like. It takes effort to cut simple produce. Unfortunately I would not purchase again. Sorry",1,Ease of use
2021-03-18,Chips and dirty,3.0,"Bought this set, I opened the box and the knives were dirty. Spots, chips, and a black dirt of some sort. I was really looking forward to replacing my old ones. Guess I'll wait. The cutting board and little sharpener were ok. DisappointedEDIT despite the chips in paint and dirt,  I scrubbed them up and they didnt chip further. And they are sharp. I've decided to keep them",0,Ease of use
2021-03-27,Sharp,4.0,Very sharp,0,Color
2021-03-27,"Not durable, but sharp.",2.0,"Knives are very sharp but you get what you pay for. 2 of the knives already broke from the handle, one cutting an onion, and I forgot what I was cutting with the other. I bought because they had great reviews... Maybe I just got unlucky.",1,Quality
2021-03-30,"Good sharp knives, but glue the handles.",4.0,The paring knife handle popped out while I was poking holes in a potato.  Had to reglue.,1,Size
2021-03-31,No sharpener and dull,1.0,Didn't come with the sharpener (could see the slot it was supposed to be in) and the knives were dull out of the box. Returning.,1,Sharpness
2021-04-01,Knife broke in less than a month!,1.0,One of the knives broke while cutting a softened piece of cheese. I'm lucky I wasn't injured and do not recommend these knives at all! I've bought dollar tree knives that have NEVER broken!,0,Size
2021-04-05,Nice set,4.0,I'm quite impressed with the knives üòÅ,1,Sharpness
2021-04-05,Sharp but flimsy,4.0,The knives feel a bit flimsy but are very sharp and slice uncooked chicken very smoothly,0,Quality
2021-04-08,Not as sharp as I expected.,3.0,"Expected sharper knives.  Will not be in my knife drawer for long.  Knowing they will probably dull shortly, I probably  will throw them out .  Don't expect much from the sharpener either.  The cutting board seems to  be the only sturdy product in the group.",1,Sharpness
2021-04-11,Good set for RV,4.0,Only issue is we got a black and white set not the color set as advertised but we like it.,0,Ease of use
2021-04-13,Decent Set,4.0,Decent Knife Set. Very sharp blades that get the job done.,0,Quality
2021-04-16,"Quality, value, easily stained handles",4.0,Extremely sharp! These are great aside from being easily stained. Do not let the handle sit with any excess juice from carrots etc. One of them has a permanent orange tint now...aside from that they're amazing.,0,Size
2021-04-20,Worst product I've bought on Amazon,1.0,The worst product I have bought off of Amazon took it out of the Box washed it tried to cut a block of cheese with it and the knife broke,1,Stain resistance
2021-04-25,Broken on first use,1.0,The first knife i used broke off the handle while chopping an onion.  That's pretty poor quality if you ask me.,0,Value
2021-04-27,Waste of money,1.0,Handle broke right away,1,Size
2021-05-02,Breaks easily,1.0,Broke after the third time using. I was cutting small brussel sprouts. Im sure it wont be long before the others break also. Dissapointed.,0,Size
2021-05-07,Cheap crap,1.0,What a piece of crap bought for our camper first time using the small knife the handle broke off while trying to cut cheese. Super unimpressed,0,Quality
2021-05-08,Not as expected,1.0,Very cheaply made,1,Size
2021-05-11,They Oxide,1.0,"The media could not be loaded.
                



I was excited about these knives but after washing them I noticed they are not good. They build oxideVery disappointing.",1,Size
2021-05-12,Cheap,3.0,Easy to clean,0,Stain resistance
2021-05-12,"Cheap, Used, Stay Away",1.0,"After researching reviews, we went with this product for it's overall value and price. Unfortunately, we returned it as soon as we got it in the mail. The knives looked used...having worn off lettering, scratches and potential stains. NOT the kind of visuals one wants to see on a new knife set. Advice: Spend a couple more dollars and buy something better quality and hopefully unused.",0,Color
2021-05-18,Great for camping,4.0,"Love the plastic sheaths, great for throwing in the camping box.",1,Ease of use
2021-05-28,No recomment,3.0,The knifes hard to cut the hard things. Like carrots so the big knife i dont think can cut the pumpkin too. Hurt hand when cut strong too.,0,Sharpness
2021-05-29,Good product,4.0,Not very sharp but good for the price.,0,Stain resistance
2021-05-29,Please send another blue knife it broke.,3.0,"Blue Blade Broke in less than a year cutting Pepper Jack Cheese! What is the longevity of these knives. I don't use knives every day, so why would this happen? I need a replacement please for the blue knife.",1,Ease of use
2021-06-01,"Great knives, wrong color",4.0,"I love these knives. The only reason I gave 4/5 stars is because I ordered the black set and received the multicolored. Regardless, they work wonderfully.",1,Size
2021-06-12,very nice kitchen ware.,4.0,"Nice for my kitchen. I love the colorful knives n cutting board.. I haven't used it yet but soon will.. My hubby says these items were for ""his kitchen, lol.""Update: i had a chance to use them .. be very careful with them. I brushed by the blade with no feeling n cut myself good, no stitches, thank god.",0,Color
2021-06-15,Value for money,4.0,The white on the handles,0,Stain resistance
2021-06-15,Excellent,4.0,So many pieces good gift,1,Quality
2021-06-17,Larger knives where not very sharp.,3.0,"The pearing knife is very sharp, all of the other knives I might al well be using my 4 yo's training chefs knifes...",1,Sharpness
2021-06-21,NOT SAFE,2.0,"NOT SAFE. Brand new out of the box ,i wash the knife,test it on a tomato,did a good job ,then i rinse it off and the blade came out of the handle as it as no glue. Not safe.",1,Cover
2021-06-21,After 4 months of minimal use one of my knives broke.,1.0,Didn‚Äôt last long at all!!,0,Cover
2021-06-24,You buy cheap you get cheap,2.0,The dullest set of knives i've ever bought. Gave it a shot based on some reviews but I regret it. Chef's knife especially is a joke. You get what you pay for -- cheap.,0,Stain resistance
2021-06-26,Decent starter set.,4.0,"Fairly balanced, sharp, and the right size in your hand.",1,Stain resistance
2021-06-26,What?,1.0,It says 12 pc set it's only 7 pc,0,Quality
2021-06-26,Opened box,1.0,Opened box and knife looks like used one.,0,Stain resistance
2021-06-28,There ok knives.,4.0,They will work for me.,0,Value
2021-06-29,What I wanted,4.0,Good value,0,Value
2021-06-30,Very sharp knives.,4.0,Like the different sizes and the cutting board.,1,Size
2021-07-01,Good product - great price,4.0,Good product - great price,1,Cover
2021-07-01,Very nice set,4.0,The only complaint I have is the sleeves don't fit tightly on the blade. Other than that they are perfect.,1,Quality
2021-07-02,Ok for the camper,3.0,Not very sturdy but it will be ok for the camper,1,Value
2021-07-03,I HATE YELLOW,4.0,I LOVE how sharp these knives are and a nice selection. Problem is the white part turns yellow after the first use. I had hoped to display them.,0,Sharpness
2021-07-06,Knife set and cutting board.,4.0,Knife work very well.,0,Value
2021-07-10,Not sharp enough to cut butter!,1.0,You get what you pay for!  These knives are terrible.  Good thing they come with a sharpener because you have to sharpen them after every slice!,0,Quality
2021-07-24,Great but covers must fit the knives correctly,4.0,"Just what we wanted.  HOWEVER, the knife's cover (next to the smallest knife) does not fit correctly and slides off the knife.  All the others fit correctly and are fine. It would be wonderful to get a replacement knife with cover.",0,Cover
2021-07-25,Value set,4.0,Honestly very good quality knives for their price. They do seem to hold an edge decently well and they do hone nicely with the provided sharpener. Even an older soft tomato cuts easily. My one complaint is that the plastic material that makes the handles does stain easily. I stained my chefs knife on day one with an orange bell pepper. It faded when I washed it but it just lingers.,0,Sharpness
2021-07-27,Broke cutting cheese,2.0,Not very strong. Company is not accessible for the lifetime warranty.,1,Sharpness
2021-08-02,For the price they aren't bad,3.0,For the price you can't beat them because you get a nice cutting board and a knife sharpener. The knives aren't very sharp but they are ok. I would be upset if I spent $80 but can't be for the price.,1,Sharpness
2021-08-11,Decent,4.0,"The set is great to solve a traveling issue I have which is being able to cook anywhere I go, only catch is that the knife handles get dirty and unless you want to cut off the rubber grip so it doesn‚Äôt show the stains from cooking then you‚Äôll be fine.",0,Color
2021-08-14,Good set....but they count the knife covers as pieces,3.0,They're good knives but they trick you into thinking you're getting more by saying 12 piece set. They count the covers as pieces too. So it's really 5 knives & a cutting board...6 piece set,1,Size
2021-08-16,"Knives weren‚Äôt too sharp, needed sharpening",3.0,"Knives needed sharpening after I try using them. Had to take them to sharpen, the sharpener supplied wasn‚Äôt good enough doesn‚Äôt keep sharp .",1,Stain resistance
2021-08-19,Beautiful set,4.0,Really sturdy and attractive cookware.  My only complaint is that the handles are metal so you need to use potholders.,1,Quality
2021-08-22,These are awesome,4.0,I needed some extra knives and these are great!,0,Sharpness
2021-08-25,Cheal. Useless.,1.0,Goes blunt after a few use and doesn't sharpen properly. It feels cheep made.,1,Cover
2021-08-31,A bit unsafe,2.0,The sheaths don‚Äôt click onto the knifes. The fall off easily making them a bit scary to handle.,1,Cover
2021-09-03,Ququaty and safety #1.,4.0,V sharp be carefull.,0,Sharpness
2021-09-17,Made the wife happy.,4.0,"I was disappointed, I thought they were Ceramic. My fault I should have read it closer.",0,Size
2021-09-22,Very good quality,4.0,They are sharp,1,Value
2021-09-29,Decent. One knife broke after 2 weeks of basic use.,3.0,"Decent. One knife broke after 2 weeks of basic use.  The handle separated from the blade while I was cutting, which was a little sketchy.  Would not buy again after seeing the quality.",1,Size
2021-10-01,Heavy,4.0,"I was looking for a lightweight set. Unfortunately, this set is very heavy. If you're looking for sturdy this is it!",1,Size
2021-10-03,Knifes we‚Äôre ok. Board didn‚Äôt last long at all,3.0,General use in kitchen only cut on it with the knives that came with it p look,0,Stain resistance
2021-10-12,Be Careful!!!,1.0,"These are not sturdy or durable knives. The handle broke away from two of the knives. I bought an automated sharpener to ensure the blades were always sharp to not apply too much pressure on the handles. Handles are plastic and the blades are barely inserted. I was cut cheese and a knife broke. Luckily, it broke at the end of the cutting. My hand could have been hurt.",1,Color
2021-10-22,Awesome,4.0,It‚Äôs perfect!,1,Quality
2021-10-28,Beware for rust spots.,3.0,"These knives are super sharp and look great. Unfortunately, I'd say you need to hand wash and dry immediately.  I left mine in the dishwasher(clean) overnight and they came out with rust spots. Kinda disappointing since they are brand new.",0,Stain resistance
2021-11-01,üëéüèæ,2.0,Not sharp after about 6 good uses‚Ä¶ don‚Äôt buy,0,Value
2021-11-27,OK set,2.0,I bought these knives because I needed new sharper knives for T'SGiving but these knives were not sharp enough.  Would not buy them again.,1,Stain resistance
2021-11-28,"Never buy again, not good!",1.0,After months of using them the black paint comes off and gets on my food when I cut.,0,Cover
2021-11-28,Buenos,4.0,Buenos,0,Cover
2021-12-01,Knife,4.0,They are good,0,Quality
2021-12-15,Good knifes but covers slip off to easily,4.0,Cutting board is a nice size knives are very nice the only bad thing is the covers don‚Äôt snap in or stay on it‚Äôs very loose,0,Value
2021-12-26,Very  handy.,4.0,"I needed new knives and liked the way these looked.  They are just what I was looking for.. They have the sheaves to cover them,  which I liked but didn't need.  I have a magnetic knife board that I love and keep them displayed on that on my counter.  I am very pleased with the knife set.",1,Ease of use
2021-12-30,Great for the price,4.0,I like it so far! The only thing is that the cutting board does not lay completely flat. So when I cut things it makes a loud noise.,0,Stain resistance
2022-01-19,They come sharp but they already dull not a good deal,4.0,I dont like them the orande is already dull,1,Cover
2022-01-26,so far so good,4.0,theyre very sharp and decent. we shall see how long they last,0,Stain resistance
2022-01-28,Came to me dirty like it was used,2.0,Product came to me dirty knife handles and the cutting board,0,Value
2022-02-06,Sharp and value for money knives,4.0,Everyday use in my kitchen. Bought it twice now once for me and a gift for my mom. Only drawback I didn‚Äôt receive the knife sharpener that it was advertised with in the first instance,0,Value
2022-02-17,Safe and Easy Knife Set for any beginners,4.0,I use these knives all the time and find myself cooking more because of the variety. Really nice gift purchase for family and friends. Their easy to clean and safe to handle.,1,Color
2022-03-05,It's good for what it cost.,3.0,Camping,0,Stain resistance
2022-03-12,Blue knife broke day one,1.0,"Looked like the perfect set. Colorful, each knife with a cover but the first time I used the blue one literally snapped off the handle despite being soft food.",1,Size
2022-04-04,Ok,3.0,All the knives arrived sharp except one. The pairing knife was very dull. I use a pair now more than any other other set.Disappointed in product,1,Stain resistance
2022-04-26,Item looked used,1.0,Package came pre opened and some of the knives have some wear and tear as if they were used. Ve t√∫ disappointing.,1,Size
2022-05-17,Broke first day,1.0,"I used the pairing knife for the first time and the handle broke off the blade. Sent everything back. Cheap, price reflects that.",1,Value
2022-05-24,Arrived dirty,3.0,"The knives arrived dirty, not sure what on them",1,Value
2022-06-07,Very sharp but easy to break,3.0,Knives are very sharp but small knife broke at the handle when slicing a chicken breast.,0,Value
2022-06-16,To light,3.0,"Knives are sharp but not for long also so light that you forget your cutting or chopping and may be a issue if not alert they easily slip out of grip, but they are cute I mostly use for show, cheap enough.",1,Color
2022-06-22,Not sharp  very cheap,3.0,Very cheap not sharp,1,Color
2022-07-03,All the white turned yellow within 14 days,1.0,Item was returned.  Knifes cut well but the white turned an ugly yellow . Luckily I was still within the return time.,0,Ease of use
2022-07-19,Knives dull quick and cutting board easily stains,2.0,"After just a handful of uses, the knives already need to be sharpened. Also the cutting board stains easily. After cutting meat I season it on the board. Anything red stained the board.",0,Quality
2022-07-23,Pros and cons,3.0,The knives are sharp and they slice beautifully. Grip is good. But after I washed the knives one handle turned yellow.UPDATE:  unfortunately the orange coating is chipping off. My concern is safety. I‚Äôm not using now. Would like to know if this has happened to anyone else and what did you do to stop it?,1,Cover
2022-07-26,Blade came off the handle while cutting soft cheese,1.0,"These were gifted to me for Christmas 18 months ago. I use them daily. Last week I was cutting various cheeses and the blade snapped off the handle mid-cut.The card says they have a lifetime warranty. Amazon says to contact the vendor through their website, which doesn't exist. Unless someone responds to this review, I guess I just need to buy new knives.They definitely don't ""stay sharp forever"" unless they mean you can sharpen them forever with the tool you get. I don't want to use the other knives now that one broke in my hand.Amazon should not be sponsoring junk like this.",1,Value
2022-07-29,Not sharp,1.0,Not sharp,1,Ease of use
2022-08-03,Not what I thought they would be,3.0,"These knives look nice. The cutting board is great!When I was cutting with them my thumb would always end up on top of the blade.They aren‚Äôt as sharpe as new knives usually are.I also have Cuisinart knives that are much sharper than these, but the paint came off one of them.",0,Cover
2022-08-27,DO NOT GET!!!!,1.0,"I've had these 6 weeks and the coating is  coming off, they are all scratched up. Not happy I only had 4 weeks to return!",0,Value
2022-09-01,"Good value, mediocre knifes",3.0,Good value package. Knifes are sharp initially but dull after moderate home use.,1,Value
2022-09-03,Well‚Ä¶. I DID like these knives‚Ä¶,2.0,"These seemed nice, especially for what they cost. But then this happened while cutting an apple. Boo!  Had these about a year",1,Value
2022-09-11,Broke cutting a piece of cake,1.0,Became dangerous when it broke cutting a piece of cake,0,Size
2022-09-14,Knife broke cutting green pepper,1.0,It broke cutting a green pepper,1,Size
2022-09-17,knives are not sharp,2.0,"Ended up tossing these, knives were dull and weren't very effective",0,Ease of use
2022-09-19,,,They are just okay for sharpness.  Knifes rust after second wash so not impressed with that at all!,1,Size
2022-09-27,Who is going to pay for my hand. Garbage knife broke off at the handle and almost severed my thumb!,1.0,"Who is going to pay for my hand. Garbage knife broke off at the handle and almost severed my thumb!  I'm ashamed I ever allowed such trash in my house.  Knives are totally DULL.  Their incapable of being letter openers, let alone kitchen knives.After this experience I will not be using Amazon!  The seller doesn't even answer their own chat line!",1,Quality
2022-09-30,Satisfied with the product.,4.0,They look exactly as advertised.  So far they work great. They are easy to use and cut well. I'm pleased with the knife set.,1,Ease of use
2022-10-05,Definitely happy,4.0,Honestly I wasn't sure what to expect with this brand of knives. I was pleasantly surprised. They have easy grips as well as it being very sharp. So far no complaints. Definitely recommendable!!!,1,Value
2022-10-05,Cute,4.0,Not bad for the price at all.,0,Quality
2022-10-05,"Cute set, but dangerous defect",3.0,"I ordered 2 of these, one for myself and one for my daughter. My set arrived perfect, unfortunately my daughter's had very tiny metal particles between the teeth of the knife. These pose a hazard of falling off and becoming very dangerous. My set was in perfect condition however. So if you do order, just inspect it and if necessary send back for replacement. She really loves the set, so she is willing to give it another try!",1,Cover
2022-10-09,Works for camper.,3.0,"I bought this set for our camper.  Knives and cutting board that arrived were black and white instead of the colorful set I ordered.  I kept them, rather than the hassle of returning.  Knives are sharp no work well.  Would have rather had the pretty colors, but the set works fine for what I need.",1,Quality
2022-10-13,Wouldn‚Äôt give as a gift.,2.0,"I‚Äôve decided these are an attractive inexpensive knife set, that is not all that great. First use of the board (w/these knives) & the board had scratch marks. Then a small knife got stained w/tomato juice & the stain isn‚Äôt coming out. They aren‚Äôt especially sharp. Just cute. Need to go to better, more expensive knives next time. I don‚Äôt recommend these knives.",0,Cover
2022-10-20,Worst,2.0,Pairing knife broke on a tomato... No good,0,Quality
2022-10-22,White part discolored and yellowed,3.0,Within one week the white part of the knives discolored and became yellowed. Looks dirty. Very unimpressed. Don't buy.,1,Size
2022-11-04,Knives weren't very sharp.,3.0,"I'm glad it came with a knife sharpener, because the weren't very sharp when I received them.",1,Value
2022-11-06,Great knives,4.0,"Cuts very well, easily stainable tho",1,Sharpness
2022-11-07,Decent cheap knife set,3.0,"Decent cheap set and light weight. Cutting board is solid. My only issue is the sharpening tool arrived dirty and appears to be used.  If you can get a truly new set, it is worth the price.  Can't say I would recommend due to sharpening tool issue.",1,Cover
2022-11-18,Break in couple use,1.0,"Not reliable after couple of use one of them broken and several other dishwasher discolored,Knife and handle separate after afew usage",1,Ease of use
2022-11-30,functionality,2.0,"For some unexplained reasoning, the blades on all of these knives lost there sharpness.  Thought ceramics last forever, not just a couple of days.",1,Size
2022-12-04,Great and last for over a year,4.0,Bought this last year as I needed a new set of knives and it have been serving it purpose. The only concern I have would be the cutting board staining and being unable to remove it but that might be a user error and not product. The knives still work great but I recommend getting a knife sharpener to use whenever the knife starts to feel dull.,1,Ease of use
2022-12-13,First apartment for a grown child,4.0,Great for my son‚Äôs first real apartment.  I would suggest buying a sharpening rod only because if you can‚Äôt stand the sound of a knife going through the unit that comes with it.,1,Sharpness
2022-12-14,Poor quality knives,1.0,Not sharp at all ‚Ä¶a waste of money,1,Sharpness
2022-12-14,You get what you pay for,2.0,It works for the price,1,Value
2022-12-19,Good for a College Kitchen,4.0,"I'm a college student who loves to cook. The set is easy to hand-wash and good to maneuver. The board holds up very well and I really liked that they included the sharpener (which I highly recommend you use on the knives very often because they WILL become dull otherwise, like all knives). The knives fit well in my hand, with their grips very subtle but effective. The handle of my chef's knife is permanently stained orange from the amount I use it, especially on carrots, which isn't great but expected. The knives and their covers are good to just drop in a drawer instead of having a knife rack. I would advise you NOT TO GIFT THIS SET, as it looks very generic and mass-produced (with a little bit of factory residue that washes off with a good preliminary cleaning and sharpening) and definitely won't impress your uncle or mom. I bought it as dorm cutlery, and it does its job well.",0,Cover
2022-12-23,Cheap and flimsy.,1.0,"The reason these are so inexpensive, is because they're junk. Save your money.",1,Stain resistance
2022-12-29,Sharp,4.0,Sharp and cute. Haven't used sharpener yet but it looks nice. Good for the price.,0,Ease of use
2022-12-30,Space saver,4.0,"Love this counter space saver knife block, which includes a sharpener and cutting board. The knives are great; very sharp and easy to clean and dry. I am happy that I finally have more counter space!",1,Color
2022-12-31,"The Good, Bad, and Overall...",4.0,"The Good: You receive a nice knife set and cutting board.  Each blade fits well and would make for a great house warming gift for someone just starting out.The Bad: It is a bit cumbersome. It has a high profile and it can be tipped over if bumped.  Cutting board may fall out from a bump as well.  It's not unstable, it just has a high profile.  Looks nice though.Overall: The narrow design means it takes up less counter space which is a plus.  I have a lot of appliances and no counters (I use a table).  I'm on a military base in the Middle East so this design fits me well.  Recommend.",1,Sharpness
2023-01-01,"Sturdy and compact, visually appealing",4.0,"The media could not be loaded.
                



We did not necessarily need more kitchen knives but this set caught my eye. The knife display looks like a peacock or fan which is visually appealing. It comes with 7 types of knives for various uses and 6 steak knives. Careful, these black stainless steel knives are sharp so keep away from children. The plastic cutting board fits nicely on the back and the shears and peeler fit into slots on each side. This is a beautiful and compact cutting station for experts and beginners.",0,Sharpness
2023-01-02,Wide set of knives,4.0,"This is an interesting set of knives. I‚Äôve never seen one in a fan shape like this. You can see all the knives in the front which looks nice. It comes with a small cutting board, vegetable peeler and knife sharpener. It does take up quite a bit of space on the counter so if you don‚Äôt have much space this might not work. So far the knives work well when cutting. I used them on meat and vegetables. They clean well in the dishwasher.",0,Ease of use
2023-01-02,Price,4.0,I bought it as a gift and she was very happy for how practical the set it.  I know she was telling me the truth.,1,Color
2023-01-03,Very Pleased with this knife set.,4.0,I was very pleased with this knife set.  The product description was true.  Sharp edge and comfortable to use.,1,Color
2023-01-06,nice set overall but honing rod is crap,4.0,"This is a nice, well conceived, budget knife set.  This is a good option for a small kitchen with limited space and has a cutting board included that slides nicely into an integrated pocket that makes for overall compact and good use of space.The knives themselves are probably fine for someone that doesn't really care about knife quality which is most people, I think.  They are light and seem decently balanced.  The honing rod (incorrectly referred to as a sharpener) is terrible however.  It has very aggressive grooves but mine is rife with imperfections that when attempting to use properly (I collect and restore knives and know how to use a honing rod), the knives bite in to the rod.  It is completely unusable. If I were rating this just on the rod it would be a generous 1 star.  So too bad that an otherwise thoughtfully designed set includes this piece of junk.  But overall rating is based upon both the good (mostly) and this one major flaw and I can't deduct more than one star for this.",1,Quality
2023-01-07,Never got to try,3.0,"Item arrived with shipping package in great condition, but when I opened it  the box of knives was half wet with something. Never opened & returned",0,Cover
2023-01-07,Many utensils,4.0,These are nice for the price it was a gift and I learned all was good but the potatoe peeler not so great.,1,Sharpness
2023-01-08,Overall good buy,4.0,"These knives are very sharp! The guards are great for that reason. Overall, I've been using these for a few months and very happy with the performance. The only very minor factor I don't like is that the white parts on the handles are turning yellow - I think from cutting carrots and tomatoes, then I just wash the knives by hand. Probably cleaning with bleach will cure this though, so not a deal breaker at all.",0,Size
2023-01-08,Very appealing set,4.0,"This is actually a great change from your basic butcher block of knives. This set sits against the wall instead of sticking out. Every thing is easy to access and having a cutting board right there as well is nice. It looks good, is heavy sturdy pieces, has plenty of choices, sharp and overall, seems well constructed. I do wish it had scissors but that's ok. I first tried the pairing knife because I use those mostly and have trouble finding ones I like. Most pairing knifes designed like these just don't work well for my needs but to my surprise, I was able to peel apples and potatoes with no issues. This knife is sharp enough to glide through the peelings with little waste and that is a huge plus for me. As long as these knives keep their sharp edge, this will be my new go to set. This also would make a great gift to almost anyone whether house warming, wedding, birthday or just because. My husband thought the chopping board is too small for most needs but I told him that most of my chopping is indeed on this size and pulled out my little chopping board hat I use most and showed him 2 larger sizes I have when I need those. I will update and edit this if the knives quickly degrade but for now, if you like a heavier feel in very sharp knives, this just may be for you.",0,Value
2023-01-09,Excellent value,4.0,"First the knives.  These knives are all stainless steel.  They are lighter in weight and thickness than most knives I have used, but they are sturdy and the blades are rigid enough for good control.  They have a good, sharp edge.  The block and cutting board are all bamboo, which is hard and durable.  I believe the knives, the block and the cutting board will serve me well for many years.  I like the narrow footprint of the set; they don't use much counter space and they keep the knives handy.  Overall, this is an excellent set for the price.",0,Ease of use
2023-01-11,Design Just Doesn't Work,3.0,"Oddly, I chose this because it was very different in style than most knife blocks and looked interesting. In practice, though - it does not work. I need to place this under a cabinet and the way the knives are inserted make it too tall and you have to pull it our from under the cabinet to get a knife out. I ended up keeping the knives and getting a different block.",1,Stain resistance
2023-01-14,Very Lightweight Because Handles I Think Are Plastic,4.0,"This knife block set was valued at $40, so basing my review on that price I would give it about a 4-star overall rating and for value for money and 3 stars for sturdiness. The reason for the 4-star ratings on these features is because the knife handles are extremely light, and I think they are plastic made to look like steel and the block section that holds the knives is wobbly/not sturdy. However, I give these a 5-star rating for easy to clean. The design is great because this butcher block knife holder takes up less space than the typical butcher block knife holder, and the added cutting board is a bonus because it is readily available and in a convenient space. The wood seems to be quality as well.I think this company has a really great idea and design, I just think the manufacture needs to put a little better quality into the material of the knives and sturdiness of the block itself.",1,Stain resistance
2023-01-15,Good deal on a knife set,4.0,"All of these knives work well.  You get a lot of knives, a potato peeler, cutting board, and knife sharpener.  The price is good for all that you get.",0,Value
2023-01-15,"Good set without steak knives, less space",4.0,"I was looking for a knife set that doesn't have steak knives as I don't need those. I was really happy with the design of this as it saves a lot of space. I have it snugged up against the side of my microwave and I've been really happy with this layout.When I first unpacked and washed the knives I was a little concerned about how light they are. I figured they would end up breaking or just being overall trash. But I have been using them for almost a month. I use at least one of the knives on a daily basis and they are sturdy. I haven't had a single issue - which surprised me.The cutting board is too small for my ""prep"" so I still use my old one. I measured this one and it's 11.5"" x 9.75"" on the un-grooved side. The grooved side has less than 9x9"" on it's side. I prefer the grooved side for doing melons and there's no way I could safely chop a melon up on that little space. It IS incredibly convenient for slicing a bagel in the morning (the bread knife in the set is my favorite. Those serrated teeth are hardcore compared to my other similar knife). I can easily grab the cutting board to chop lettuce for my turtle, set it out with sliced citrus fruits for drinks, and other small jobs. The cutting board is sturdy and held right on the knife block so, even though it's small, I am still happy it's there.The ""sharpener"" is not something I will use. If you are reading this...you probably don't want to either. This thing is like a rasp for shoeing horses. I will stick to my little handheld sharpener. I am afraid using that thing would completely ruin my knives.I don't know how long this set will last, but I am a vegetarian so I don't need ""meat quality"" knives and these are sharp and light. I am happier with this than I first thought I would be. It's definitely a good set.",0,Cover
2023-01-16,"A good starter knife set. Not the best, not the worst for the money.",3.0,For the $ decent starter set,1,Quality
2023-01-19,Knives arrived sharpened and ready to go. One piece construction,4.0,"I find that the easiest way to test knives for sharpness is the tomato test: using a regular, not serrated, knife, see if you can easily cut a tomato. As you can see from the picture above, these knives easily passed that test. They came sharpened and ready for use (after washing).The other nice thing about these knives is that the blade and handles are all of one piece. That means you don't need to worry about the blade coming loose later because of dried-out glue or a loosened tang.The knife holder is funky, holding the knives at an angle. That can be good or bad, space-wise, depending on where you place it and how much room you have.The cutting board is small, for my taste. I do like that it's double-sided, with one side having a groove around it to contain juices that might otherwise flow out onto the counter. But the board (for me) wasn't the main impetus for the buy, it was a nice extra thrown in.",1,Sharpness
2023-01-20,Nice but Cheap,2.0,Very nice colors. The knives are sharp and cut into the cutting board. So the cutting board can not be used for meats & veggies. It comes with  sharpener because the knives dull easily.,1,Color
2023-01-21,good,4.0,good,1,Quality
2023-01-21,They're okay,2.0,The knives themselves work pretty well but they change color super quickly and they were mostly hand washed.,0,Size
2023-01-23,TOO SMALL,2.0,This cutting board is very tiny. I‚Äôm very disappointed. It looks very cheap like something you‚Äôd buy at the $.99 cent store. The knives are cheap and flimsy as well. I do not recommend this,0,Quality
2023-01-27,"Decent knives for the price, don‚Äôt use the cutting board",3.0,"For the price these knives are pretty good. They come with a good edge but that won‚Äôt last if you use the cutting board that came with it. It is way too hard and dulls knives after one use. May as well use a tile countertop. So decent knives for the price, but do your self a favor and get a different cutting board",0,Stain resistance
2023-01-28,Giftable,4.0,Gift for my son. He appreciated them.,1,Sharpness
2023-02-08,Poor quality board,1.0,Seller is unprofessional for sending a bad quality product. The board is split wood and definitely shouldn‚Äôt be sold to consumers. Buyer beware: buy from another company if you want good quality knife set,0,Size
2023-02-10,Sharp and look nice,3.0,Sheaths do not fit snug. Made attempts to contact seller but to no avail.,1,Cover
2023-02-15,Not as expected,2.0,"Completely disappointed I ordered both the black and the colorful set the black set came with the sharpener with letters missing as you can see in the picture then on the coloful set the handle of the red knife came with a slit at the base also see picture, dirty look in both sets",1,Sharpness
2023-02-18,Nice set for the price but knives are not as sharp as needed!,4.0,Was a gift for my son. I was not satisfied with how dull the knives were at all..otherwise it was a nice set for the price.,1,Quality
2023-03-03,Dirty and poorly made.,3.0,"I opened this up out of the package and there was dirt on it, the handle looked like it had been worn out and used. Not sure if it's a 1 mishap but I wouldn't waste my money on something that you bought new but shows up looking old and worn out and used. It's a gamble but knowing what I know now I would not recommend anyone I know to get this product unless they are really pinching pennies.",1,Size
2023-03-04,It comes with a cutting board,3.0,"The set of knives are cute, but after using them several times the sharpness wears out. Some of the knifes covers slide off easily. The knives color comes off very fast",1,Value
2023-03-07,Love the blades,4.0,Blade covers are cheap but they do the job and the price is great.,1,Stain resistance
2023-03-22,The arrived dirty.,3.0,They're nice looking knives and all but the handles have dirt all over them. Definitely would not purchase these again or gift these.,1,Quality
2023-03-29,Used product,1.0,I received my product just to see that it was used. I returned it the same day.,0,Color
2023-04-01,Defective,3.0,You get what you pay for,1,Cover
2023-04-07,"2 Broke within a month , well see how long the rest will last",1.0,The handle separates from the blade sadly . Messaged the seller since I was still within 30 days but no answers,0,Size
2023-04-30,"Sharp, cutting board ok.",4.0,"The knives are sharp and the sharpener is nice. The cutting board is handy not to big, but does the job. Does slide a bit.",1,Size
2023-05-01,Nice knife set,4.0,It serve it purpose. Every knife you may need. 100% happy with it.,0,Color
2023-05-24,Knife broke after pairing an onion,2.0,Orange pairing knife separated from the handle while I was cutting something and I almost cut myself,1,Stain resistance
2023-06-05,Ok,3.0,"It peels off, the black color peels off. Not that I was expecting it to remain black forever but it‚Äôs not even up to a month of using it.",0,Sharpness
2023-06-06,Does not fit as described,1.0,Did not fit and came broken on the back side of the case.,1,Ease of use
2023-06-20,Beautiful Display,4.0,"You won‚Äôt be disappointed! Total upgrade from my traditional knife set. Not only is the quality great, the display looks amazing on my countertop!",1,Quality
2023-06-27,Missing pieces,2.0,This ws a father's day gift and it is missing the scissors and one knife. I wish I would have opened it whe  I got it and checked if everything was there but I didn't want to ruin the gift bag I put as n extea and the box. I am so upset.,1,Sharpness
2023-06-29,Alright I guess,3.0,"Knifes dull by a month, design is nice though.",1,Cover
2023-07-07,Knives,3.0,These knives are ok for the price not the best but ok.,1,Ease of use
2023-07-28,Received a used product,1.0,I received the product on time but looks like the product was used and returned by somebody else . One of the knife has some stains on the grip .,1,Sharpness
2023-08-03,Sharp,4.0,Great value,0,Stain resistance
2023-08-04,Rust,1.0,Rust spots on knife after one use after hand washing & drying. Not happy at all. However the customer service was wonderful. I was able to return the items with no problem at all. They were prompt & courteous.,0,Ease of use
2023-08-15,Flimsy but ok,4.0,they felt a bit flimsy to me. I need something more sturdy so i did have to return these.,0,Ease of use
2023-08-27,Neat little set!,3.0,"Update: knives are terrible- do not recommend for avid cooks only for  those who will use minimally and perhaps beginners - dorm rooms , 1st apartments perhaps - For advanced and detailed cooking , especially when they‚Äôre going to be used repetitively- the knives are not high-quality enough and could potentially become dangerous , - I stand by them being fantastic for cleanliness , space saving , gift set to someone just starting out .  I am oI cook a lot, and am constantly dicing and slicing vegetables and fruit, so I am little underwhelmed when there are so many knives and I am limited to so few for certain tasks. I grab my other favorites when necessary. The quality of this set in my opinion is more focused on its compact design which I love , as well as no potential for the common mildew ( to house the knives) and so much less potential to rust, as this material is highly sustainable.  I put the cutting board on top of my wooden one which Is so convenient and has been a huge bonus ! - The knife sharpener is a nice touch of course . Over all this is a very well rounded set , however keep in mind you are not getting professional knives, and for many , the high quality sharp blade you are looking for . However, this set will get the job done - and is a great space saver as well as a clean and sanitary way to keep your kitchen cooking !",1,Value
2023-09-04,Used?,2.0,"I ordered these for my cousin's new college apartment. When we opened them, they appeared used and scratched. The handles have scratch marks or stains and a couple of the blades have scratch marks.",0,Cover
2023-09-05,"Pretty good, not that heavy",3.0,The set is great. The knife isn‚Äôt as heavy as I imagined but it gets the job down. Thanks,1,Sharpness
2023-09-17,Works but knives rust easily,3.0,"The knives work very well and the set looks great in the kitchen but from day one every time I wash a knife and leave it out to dry or if it‚Äôs in the dishwasher, it gets spots of rust. I would have expected these to be made from stainless steel or some rust-proof material",1,Ease of use
2023-09-18,Not for kids,1.0,This is not for kids. This set is sharper than a butcher's knife. Only the color is kids friendly.,1,Stain resistance
2023-09-18,Nice set but not sharp,3.0,Very nicely made but not sharp. Looks cute but not sharp at all.,1,Value
2023-09-20,Cute üòçüòç,3.0,This set am not sure on what to say as yet cause I bought it for my home in Jamaica still in the box hopefully one day I get to used it,0,Ease of use
2023-09-20,Paint chipping off in food!!,1.0,Paint chipping off in food!!,0,Color
2023-10-01,Not of good quality,4.0,Pretty but not durable. After the first use the knives started rusting.,0,Stain resistance
2023-10-11,Wood block,4.0,I gave 4 star's due to the wood block the Knifes slide into. I think it will ware out quite quickly.,1,Sharpness
2023-10-13,Rusted out after 10 days of use!,1.0,"Do not recommend this product, looks stylish the knives are really sharp but rusted after 10 days of use. I am returning.I am updating my review after five days. Customer support works great, they wrote me quickly, apologized for what happened to my knives, refunded the full amount. Maybe I was unlucky, because before buying I read all the reviews, no one wrote that the knives rust, maybe I will buy one more time these knives, try my luck :)",0,Size
2023-10-20,Poor quality,1.0,In the description they wrote stainless steel and in the first wash they oxidized,1,Size
2023-10-22,Shipped fast,5.0,Great knife set for my daughters first apartment,0,Stain resistance
2023-10-22,Great low-cost set of knives,5.0,I am renting my place out and want to take my expensive CUTCO knives with me. So I got this set to replace those knives. These knives are almost as good as my expensive CUTCO knives highly recommend these for a low-cost alternative.,1,Ease of use
2023-10-23,The cut and colour.,5.0,No Im not at the salon. Just cutting up in the kitchen. Love this set of knives. Sharp and easy to handle. A5 ‚≠ê‚ú® moment.,1,Ease of use
2023-10-23,Best bang for your buck!,5.0,Perfect set for an incredible price!! Highly recommend!,0,Size
2023-10-23,Dise√±o lindo,5.0,La calidad son muy buena,1,Quality
2023-10-24,Love the knives,5.0,"Great product! We were in desperate need of new knives and this was spot on! Great value for money, knives are very sharp and durable.",1,Cover
2023-10-24,Good,5.0,"Good size board, small knife chipper after a few months, works well though",1,Value
2023-10-25,Sharp,5.0,Pretty and brightens up kitchen.cuts great.,1,Quality
2023-10-25,Awesome,5.0,Great knife set,1,Stain resistance
2023-10-26,This is an awesome kitchen essential!!!,5.0,I will never go back to my ancient set of knives and cutting board.,0,Size
2023-10-27,Buena inversi√≥n,4.0,La calidad y el precio,1,Quality
2023-10-27,I Love them,5.0,I Love them,0,Color
2023-10-27,Knives,3.0,One knife broke when cutting meat.,0,Color
2023-10-27,The knifes are so hard to utilize,1.0,"The knives are incredibly dull right out of the package. They barely make a clean cut through anything, making basic kitchen tasks unnecessarily difficult and time-consuming. I've tried sharpening them myself, but even after multiple attempts, they remain blunt. It's incredibly frustrating to have spent money on knives that are essentially unusable for their intended purpose. I would not recommend these knives to anyone in need of quality kitchen tools.",0,Size
2023-10-28,My knives,5.0,Great value for the money. Beautiful knives. So sharp. I love using them and I love how cool they look in the block.,1,Ease of use
2023-10-29,Great quality,5.0,"Friends had these knives. They were really nice, great quality. So I bought a set. I am not disappointed. Excellent for travel/camping also",1,Cover
2023-11-02,Good value,5.0,Got what I saw,1,Size
2023-11-02,Amazing,5.0,Exactly as it‚Äôs advertised. Great product,0,Cover
2023-11-03,Handle material,5.0,I like the handle and blade guards,1,Ease of use
2023-11-04,"Attractive, good quality, affordable knives.",5.0,Just purchased them for a second home. They work well. I liked that they came in an attractive tray with their own knife sharpener.,1,Stain resistance
2023-11-04,No los recomiendo,1.0,Muy mal material ya est√° despintados no los recomiendo,1,Stain resistance
2023-11-05,Think I just got stuck with a inferior set,3.0,"Not as happy as I thought I would be after reading all of the outstanding reviews.  We keep this knife set in our camper.  So not heavily used.  We only take 8 to 10 camping trips per season.  Note not everything get shopped up so again not a whole lot of use.  I purchased the set on 1/27/2021.  Sat for 5 months before camping started and right out of the gate the 8"" slicing knife handle breaks, rendering the knife useless.  I was not that upset until the same thing with the bread knife?  How does a knife break cutting a loaf of fresh Italian bread?  So yes know I am annoyed. 2 defective knifes in les that 2 years.  Really stinks cause there is no customer service that I can find for EAT NEAT!",1,Ease of use
2023-11-05,√ötil,4.0,Podr√≠an mejorar los materiales,1,Size
2023-11-06,Beautiful colors,5.0,This I purchased for my grand daughter who is moving into her first apartment .,1,Cover
2023-11-07,Knives are sharp,5.0,"I like the colors, makes them easy to find in the drawer.",1,Size
2023-11-07,Sharp,5.0,I bought these to go in my camper.  The covers work great and keeps us safe as we dig through  drawers for what we need.  They are super sharp and make cutting very easy.  I am going to get a set for my house now too.,0,Cover
2023-11-08,what i was looking for,5.0,sharp,1,Sharpness
2023-11-11,SHARP,5.0,"These knives are the best and sharpest knives, I have ever purchased.",1,Size
2023-11-11,Wonderful!,5.0,These aren't the most high quality knives in the world but do wonderfully for the price they are! I've had these for over a year and they are still in good condition. I got this for my first apartment and the kit really allowed me to start cooking way more.,1,Value
2023-11-12,Waste of money,1.0,I had a big move & wanted a nice knife set. I added these to my wishlist and someone purchased them for me. WHAT A BIG REGRET! These are absolutely terrible and only stay sharp for the first use. After that they are completely dull and useless.,1,Stain resistance
2023-11-13,College gift,5.0,Great deal for the money!,1,Quality
2023-11-15,Sharp,5.0,They are great and take up no room,1,Color
2023-11-15,Lucy,5.0,I‚Äôm so happy that I can finally get light weight knives that are easy to handle and so sharp!üòä,0,Quality
2023-11-20,superproduct,5.0,super,1,Size
2023-11-24,Better than all the REST!,5.0,"They are sharp, sleek, and great quality. I love the platform, very modern compared to the usual block. The chopping tray makes the process very convenient and its dishwasher safe. It looks good, saves counter space, enhances you counter ( picture perfect), and great price!",1,Cover
2023-11-26,Cute‚Ä¶ but,2.0,Cute but not qualityThe board bent after one use and the knifes rusted.,0,Value
2023-11-27,Wonderful gift,4.0,Purchased for someone else!,0,Color
2023-11-28,So worth it,5.0,Beautiful set,0,Cover
2023-11-28,No los recomiendo,1.0,"si no los lavas al instante que los usas se manchan, al igual si los lavas y no los secas se oxidan.",1,Quality
2023-11-28,Sharp knives!,5.0,The knives are really sharp and good quality,0,Sharpness
2023-11-29,Razor sharp,5.0,"I'd liked the fact that it's a compact knife block with a cutting board. The knives are of great quality, and I got a great deal on them due to black Friday. Just be real careful.  The knives are super sharp . I would definitely buy these again",1,Color
2023-12-02,Knife set,5.0,Love it,1,Stain resistance
2023-12-02,Worth it,5.0,Wish the cutting board was tad bigger but I still get too cut plenty on it I feel like this is still worth the money and the Knife is very sharp I know is common sense but please be careful with your hand just kindly reminder,1,Color
2023-12-03,Very nice set,5.0,These are amazing. Highly recommended.,0,Stain resistance
2023-12-04,As advertised,5.0,I bought this as a gift so I haven‚Äôt used it. It comes as advertised.,1,Size
2023-12-04,Excellent knife,5.0,"I was looking for a set of knifes to keep on the dining room table, so I would not have to be running into the kitchen and grabbing one of the Wusthof knives. Right out of the box I did the paper cut test on the 5 inch paring knife. It did not cut the paper, but after giving it a few swipes with the included sharpener rasp, it did! So you may want to give the knives a quick sharpening with the tool before use.I like this set because, A. They are one piece, no wood, no plastic to hold dirt or chip off, or even break off, also no rivits to contend with.B. No steak knives, it seems every set on Amazon comes with all those steak knives, and I don't want them, plus I don't eat steak.C. Nice natural finish, no red, green or black knives for me, give me a shiney metal knife.And D. The price!! I got these on the cyber Monday deal. They claim they retail for $60, but I think I got these for $23 and change.  Just can't beat that, because some knives are very overpriced, (like the Wusthof set).  So for now, and some may argue with me, but they compare to the sharpness of the Wusthof set, that will be staying in the kitchen. Thanks. Kem.12/4/23",1,Quality
2023-12-04,Good quality,5.0,I was surprised at the quality and durability of this knife set. I still have and use them over a year later with no issues. The set even comes with a knife sharpener. Happy with this purchase.,1,Value
2023-12-06,Surprised! but love,5.0,"For some reason, I thought that the knives were going to be dull but they were and I love them! good price and great quality",1,Size
2023-12-08,Great knives,5.0,Outperform my expensive knives set.,1,Cover
2023-12-08,Sharp!,5.0,Great addition to my kitchen!,1,Sharpness
2023-12-11,Good,5.0,Im using this for the every day use. Good for basic necessity. A little flimsy but again good for every day things,1,Ease of use
2023-12-11,Amazing!,5.0,Bought these about 5 years ago for myself. LOVE them. Bought for a gift this year. I love the sharpener included and the cutting board. These are amazing!!!!!,0,Color
2023-12-11,Good buy,5.0,This knife is one of the best that I have bought so far. It was a very easy cut to chop those sausages up as you can see in this video. The chopping board is very sturdy and I love that there is protection on each end. Thank you so much for this Amazon.,1,Color
2023-12-16,Weird rustiness,1.0,This product came in the mail and there was rusty spots all over the knife sharpener. But I had washed the set and didn‚Äôt feel like returning it. Bad move. Now the other knives are doing the same thing. Return window is closed and I‚Äôm sad.,0,Sharpness
2023-12-19,Sharp,5.0,A great starter knife set with cutting board. Works well!,1,Ease of use
2023-12-23,Sharp,5.0,Gets the job done! The only thing I‚Äôve noticed is that that white part of the handles stain after the first use. Weird because I only cut fruit and tried a different knife and it did the same thing.,0,Cover
2023-12-24,They are sharp!,5.0,"Salads, meats",1,Stain resistance
2023-12-26,Great gift for my granddaughter.,5.0,Price and product was great!,1,Color
2023-12-26,Replaces my current knife set.,5.0,Cuts with ease. Sharp as a razor. My old knife set was getting dull. These replaced my old set perfectly.,0,Value
2023-12-27,Paint/coating chips and gets into food,1.0,"Initially these knives looked nice. They work fine. I‚Äôm not picky when it comes to things like this however after using these for a few months the paint is peeling off and sticking to my food. I know that‚Äôs not safe. So, needles to say I would not recommend these knives nor will I ever purchase colored /coated knives again.",0,Size
2023-12-27,Value,4.0,No quite as sharp as like,0,Sharpness
2023-12-27,Nice knife set,4.0,The wife is happy with them.,0,Stain resistance
2023-12-29,Good value,5.0,Very sturdy,1,Color
2023-12-30,Bread knife broke on second use but others great,3.0,"I've had these knives for a year. The bread knife handle broke on its second use, but other knives have been great. Probably a defect unique to the knife that broke.",0,Sharpness
2024-01-01,For the Money They are awesome!,4.0,"Great knives for the money, very please with all of them and the cutting board!",0,Stain resistance
2024-01-01,Knives need sharpening already,5.0,Beautiful set but they got dull quickly. Glad it came with a sharpener.,1,Sharpness
2024-01-02,Knives,5.0,Very sturdy. Sharp. They cut very nicely.,0,Sharpness
2024-01-03,Mixing tools,5.0,Husband love them,1,Sharpness
2024-01-04,Great value,5.0,Purchased several for refugee welcome kits.,0,Cover
2024-01-06,Cool knife holder. Mine came scratched up but ooh well still cool.,3.0,"I ordered this for my wife, cool knife block, it comes with knives but they are very cheap so I ordered the eat meat 12 piece set and they are great knives and fit this block perfectly..so if u want a cool block it worth it, but also get the replacement knives they are about 24 bucks.",0,Sharpness
2024-01-07,Paint chip,1.0,After washing a couple times the paint on the blades chip off on the food while using the knives,0,Color
2024-01-08,Cuts like a knife!,4.0,"Does its job, easy to use, love the knife covers and that it came with a sharpener and cutting board. Worth the money.",0,Size
2024-01-09,De buena calidad.,5.0,Buen tama√±o y s√∫per bien los cuchillos,0,Quality
2024-01-10,Great knives,5.0,Colors are great,1,Color
2024-01-11,Perfect,5.0,Good quality.  Price was great for everything I got.,1,Quality
2024-01-11,Buen producto,5.0,Excelente calidad,1,Size
2024-01-12,Not recommended for long term use,3.0,"So I bought the item last Sep 2022 as a gift. Over a year now, I found out that the coat of the blade was chipping off, not sure when (during washing or while using in preparation of food). The handle is building up some green moss or something like what you see in bathroom tiles. Blade is still sharp though. Maybe it's incorrect maintenance of the knives, not sure but here is my feedback after a year of use. Thanks!",0,Size
2024-01-14,Great set for the price,4.0,"We purchased these to have a good knife set for our trailer, well worth the purchase, they‚Äôre great!",1,Size
2024-01-16,BEST KNIVES,5.0,"I love love love these knifes. They are sharp and cut very well. Perfect weight, cutting board is nice as well!",1,Sharpness
2024-01-20,Chips fast,2.0,Very sharp! But chips really fast. Probably wouldn't buy again,1,Cover
2024-01-20,Bueno,3.0,"Los cuchillos se ven bien, pero los mangos se salen y el color de la cuchilla se quita luego de lavarlos. El color blanco del mango se mancha, recomiendo comprar los de colores. La tabla de picar se mancha mucho y el material no es muy bueno.",1,Stain resistance
2024-01-20,"Beautiful set, very sharp feels durable",5.0,"Product as described, cuts very clean and feels sturdy",0,Quality
2024-01-21,Nice to look at,3.0,Fits the counter perfect and saves space.Whatever they get dull very quick. I would not recommend unless you like sharpening knives all the time.,1,Sharpness
2024-01-22,Sharp as a tack!,5.0,I loves these knives and the cutting board. First time I used them and the way it sliced through a vegetable made me smile. The cost is just right as I don‚Äôt eat meat so don‚Äôt need anything super fancy or expensive. These will do just fine.,0,Quality
2024-01-23,Gift,5.0,Easy to use,0,Stain resistance
2024-01-25,Great Value for the Money! üëçüèæ,5.0,The items look like they do in the description and they came fast. The quality of the product is great. I also love the price as it was very affordable unlike most sets like it. I‚Äôve been in the kitchen chopping up everything I could find. I would definitely recommend!,0,Color
2024-01-25,The pictures speak for themselves,1.0,"Bought in September, it is January and this is how it‚Äôs going. 10/10 would NOT recommend.",1,Ease of use
2024-01-26,Less impressed,2.0,"I thought I was getting heavy duty, but I got lightweight.. hate having to buy something else over again",0,Ease of use
2024-01-27,üòïüòíüòü,1.0,"Para ser un producto nuevo los cuchillos no tienen el filo que se espera de algo que nunca se ha usado, les he tenido que ir sacando filo para q puedan cortar bien como un cuchillo normal pero uno de esos cuchillos se fisuro al sacarle filo con el mismo afilador que viene en el producto y por ende no me da confianza de usarlo. Mis cuchillos viejitos cortan mejor ü§∑üèª‚Äç‚ôÄÔ∏è y aunque les he sacado filo nunca les ha pasado nada.",0,Color
2024-01-27,Great practical gift!,5.0,"I bought 2 of these at Christmas. I couldn't have been happier with the quality, especially as affordable as they are.",0,Color
2024-01-27,Very nice!,5.0,I purchased this for my oldest son for his home and he loves it. So I'm pleased.,1,Cover
2024-01-29,Kitchen Knives,5.0,Exactly what I needed.  Sharp and easy to use and store.,1,Cover
2024-01-29,Great!,5.0,It meet all of my expectations,0,Stain resistance
2024-01-30,Used but ok,3.0,"This item came used, it had a few food stains on a couple of knives. I couldn't be bothered returning them, so I soaked them in detergent and cleaned them. Apart from the poor handling of the quality department, the knives are very sturdy and sharp.",1,Ease of use
2024-01-31,Impressed,5.0,I am really impressed with this knife set and cutting board.  Exactly as shown and love the multiple sizes.  Happy with my purchase.,1,Color
2024-02-01,Colorful Set of Knives,5.0,"Delivered as promised. Item packaged well.Great set of knives. Very sharp so be careful. Comes with a sharpener. Different color for each function of a knife that you will use. Has protective sheaths as well. Did I mention, they were sharp? Almost cut myself opening clam shell packaging. Basic set includes the things you need most. Sharpener comes in handy when your knives are dull. Just a couple of passes thru the sharpener and you are ready once again to use these knives.",0,Quality
2024-02-02,Sharp out the box!,5.0,"These affordable and durable knives are the best. They are sharp put the box and make prepping food easy and pain-free. I've had this set for over 3 years with zero problems. They are still sharp, too!",1,Color
2024-02-03,Fantastic knives,5.0,Love the great colors and they are sharp. The he covers are great so you don‚Äôt cut yourself,1,Value
2024-02-04,Suitable replacement for self sharpening 20 plus yr old butcher block set,4.0,"Product is in line with other cutting boards and the knife set is very sharp. Very pleased with the knives, the handles fit well in your hand making it easier to slice meats, vegetables, etc.  Clean up is also easy. I dry towel dry the knives before placing them back in holder which by the way is also a good design.  Hopefully it last as long as my previous set, (Ye Olde wooden self sharpening Butcher block wooden handle carving & steak knife set).",0,Value
2024-02-05,The Best Knives I Ever Bought,5.0,"The media could not be loaded.
                



I was looking for a knife block but all the ones I have seen were pretty expensive. So I just gave these a try. And I'm so happy I did. The best knives I have ever bought.",0,Color
2024-02-06,Simple,4.0,Very simple set. Bought 6 months ago still in good condition but oil products does stain the white part,1,Value
2024-02-07,Dulls easy,4.0,Dulls easy,0,Cover
2024-02-08,Good knives for camping,5.0,Great addition for our camper. Like the covers for the knives. Work great.,0,Value
2024-02-08,Excelente,5.0,Buena calidad,0,Stain resistance
2024-02-08,Super sharp,5.0,"I love this set.  It was beautifully boxed, so it would make a great gift.  The knives are very sharp and the kit comes with a sharpener which is fantastic.  I love that the knives each have their own cover,  which stay on until you pull it off. The cutting board is nice too. The colors pop, I love this.",1,Size
2024-02-10,Knives,5.0,Great for a vacation place where you need quality knives without spending a lot. Love mine,1,Cover
2024-02-10,VERY COLORFUL KNIFE SET,5.0,I bought things for my friend's kitchen and she thinks they are beautiful. I am very happy I got them for her.,1,Stain resistance
2024-02-12,knives are sharp and stylish,4.0,knives are sharp and stylish.looks good on the counter with chopping board on the side.,0,Size
2024-02-13,Knifes,5.0,Really sharp great cutting and soft grip to keep from slipping,1,Size
2024-02-14,"They rust easily, bad quality",3.0,I‚Äôve been using these knives for almost 5 months now and since day one after each wash by hand or in dishwasher you can see the rust spots on them after they dry.,0,Color
2024-02-18,Amazing knives!!,5.0,"The media could not be loaded.
                



Purchased a set of these knives over 5 years ago and they have worked great so I was very happy when I found them again.",1,Color
2024-02-18,Attractive looking set,4.0,"Just received product yesterday and have not had time for much experience with them, but they look very nice and are comfortable to hold. Delivery was very fast.",0,Quality
2024-02-18,These are not plastic in the blade,4.0,I liked that these were colored but not plastic. I don't k now if they will cun like the metal does. I like these.,1,Quality
2024-02-20,Nice set,5.0,"Very nice knife set, great quality at a great price can‚Äôt get any better!!",1,Ease of use
2024-02-20,Good Quality,5.0,"So far I have had no issues, and I have been slicing and dicing. I think the nice sharpener is a bonus and I was able to sharpen my older knives.",0,Stain resistance
2024-02-20,Muy malo,2.0,Mal calidad ya se le aflojaron las agarraderas,1,Color
2024-02-22,Dishwasher safe.,5.0,Purchased for our daughter as one of her Christmas presents.  She loved them as she put everything in the dishwasher and lots of knives don't hold up to that.,0,Stain resistance
2024-02-24,Great knives but....,4.0,"Great great knives, very good quality for the price and my personal favorite is the peeling knife. Only problem is the AWFULLY demonstrated knife skills in the video and pictures. Knife skills matter lol and to whoever reading this I hope you don't keep your pointer finger on the blade lookin like E.T calling.home while chopping vegetables üíÄ",1,Cover
2024-02-26,Knife's,5.0,Nice and sharp and like the difference colors,0,Cover
2024-02-26,Sharp and practical,5.0,"I love this set, so practical. I cut my finger first time using it because didn‚Äôt expect it to be that sharp but I am ok hahah the white part came a little bit dirty like with dust or something but I wash it with soap and sponge and it is perfect now",0,Ease of use
2024-03-02,Get what you pay for!,3.0,Knives get dull quick. Now I have to keep sharpening the knives to use them.,0,Quality
2024-03-03,Decent for the price.,4.0,Nice size variety. Comes with sharpener. A little early to give a how to they hold up review. But fresh out of the box they are a nice set of home use knives.,0,Ease of use
2024-03-03,they fall apart,1.0,they fall apart an color peals off,1,Ease of use
2024-03-04,Util,5.0,"Es un set muy completo, se ajusta a mis necesidades",0,Sharpness
2024-03-04,The knives are not of good quality,2.0,I'm a little disappointedBecause the material is not of qualityThe knives are very messyAnd the stains on the board have a hard time leavingThe quality-price ratio is rather respected,0,Color
2024-03-05,"Poor Quality, Rusty!",3.0,I do not recommend this product. It has already started losing all the coating and is becoming rusty. Its very dangerous since there is a risk of these coating falling off in the cut food.,0,Cover
2024-03-06,What was I thinking.,2.0,I should of just bought one good knife for a little more.,1,Quality
2024-03-06,Pretty but no good,2.0,"They‚Äôre beautiful to look at but the red blade gets dull quick and the sharper is useless, also the blue and orange knives broke at the tip, I would not recommend",0,Quality
2024-03-09,Very sharp clean cuts,5.0,The blade coverings I really liked,1,Color
2024-03-10,Great.,5.0,"I like: good quality, look good, delivered quickly.",1,Color
2024-03-11,Don‚Äôt waste your money!!!,1.0,These knives don‚Äôt last more than just two months. Please look for better ones. I don‚Äôt recommend this product. If you would like to buy disposable knives these are great ü§£,0,Quality
2024-03-12,Nice little starter set,5.0,Good price and good quality for a economical starter set.,1,Sharpness
2024-03-13,Very sharp,5.0,The knives are cute I just love them. I cut myself really quickly with one that‚Äôs how sharp they are. Would buy again or give as a gift.,0,Ease of use
2024-03-15,Careful sticks,1.0,Hard to use,1,Value
2024-03-18,Good,5.0,Good,1,Value
2024-03-18,Love it,5.0,Love them grate quality!!!,0,Stain resistance
2024-03-19,Wonderful,5.0,They are sharp and the assortment is great,1,Stain resistance
2024-03-19,VERY SHARP!!,5.0,My man and I love this set. I've never gotten a knife set in my life so I can't judge the others but these are sooooo sharp.,0,Quality
2024-03-19,Very sharp for the whole price.,5.0,"The media could not be loaded.
                



I finally cooked and used all nice just to try them, I cooked potatoes lightweight vegetables big vegetables, and steaks. My honey use them for his fish the other day he used the small blue one and the purple one for the fish he caught the other day to basically got it skin it.",0,Ease of use
2024-03-20,Great but rust stains,2.0,It‚Äôs a great set I bought one for my mother and one for me. I‚Äôve been using my set for 5 months and it‚Äôs getting rust stains on it. I thought the purpose of stainless still was to prevent rust? Not sure if it‚Äôs something wrong with just this set or not. Trying to reach out to the manufacturer to see what can be done.,1,Size
2024-03-21,Perfect basic knives,5.0,"That‚Äôs perfect if, as a man, you like to cook with basic but good tools",1,Size
2024-03-21,Knives,5.0,Love the colors to start with.Amazing how sharp they are when I receive them.so far keeping a good edge..and love the cutting board,1,Value
2024-03-21,Worth the money!!,5.0,"All the different sizes, sharp and colorful!",0,Stain resistance
2024-03-22,Gift,5.0,This was a gift for a church ministry one of my friends leads and I chose it because of the great deal.,1,Ease of use
2024-03-23,Stylish & compact,5.0,"Love it so far. Doesn't take up a lot of space. Super sharp. Sheers, sharpener, cheese slicer, & cutting board (not pictured) come with. Hopeful it will last a long time. üôÉ",1,Ease of use
2024-03-25,Poorly made,1.0,The item that was shipped to me has a missing piece and was poorly made.,0,Size
2024-03-27,The knife leaves a permanent stain after cutting a tomato,1.0,First time using the knife and the handle become yellow after getting in touch with a tomato. And dish soap cannot remove the stain at all.  Never getting this product again.,0,Quality
2024-03-27,Knife,2.0,"Missing 1 of the knives, the pairing knife is missing",0,Cover
2024-04-02,La versatilidad.,5.0,"Saludos, me encant√≥ mucho el color de los cuchillos y el precio. Gracias Amazon por sus productos tan √∫tiles y bellos.",0,Size
2024-04-04,Great set,5.0,I really like this set no issues with it so far. Great for first apartment because it made it so I don‚Äôt need to buy a separate cutting board. The knives are very nice and sharp.,1,Value
2024-04-05,Not as great as they seem.,3.0,I dislike the way they look on the site versus what you actually get.,1,Stain resistance
